,RES_NAME,TYPE,LEVEL,PFAF_ID,AREA
5,Bargi,within,0,454067,0.810438
2763,Bargi,upstream,1,454068,0.368936
2764,Bargi,upstream,1,454069,0.430388
2760,Bargi,downstream,1,454065,1.361001
2757,Bargi,downstream,2,454063,1.059014
2756,Bargi,downstream,3,454061,2.946205
6,Hirakud,within,0,453230,0.869421
6,Hirakud,within,0,453250,1.194689
6,Hirakud,within,0,453240,1.109666
2596,Hirakud,upstream,1,453270,0.386426
2597,Hirakud,upstream,1,453260,0.876212
2591,Hirakud,downstream,1,453210,1.493665
2598,Hirakud,upstream,2,453291,0.260714
2599,Hirakud,upstream,2,453280,1.145833
2600,Hirakud,upstream,3,453292,0.292249
2601,Hirakud,upstream,3,453293,0.020754
2602,Hirakud,upstream,4,453294,0.346401
2603,Hirakud,upstream,4,453295,0.071402
2604,Hirakud,upstream,5,453297,0.042215
2605,Hirakud,upstream,5,453296,0.217284
2606,Hirakud,upstream,6,453299,1.099031
2607,Hirakud,upstream,6,453298,0.356181
9,Indirasagar,within,0,454062,0.45065
9,Indirasagar,within,0,454061,2.946205
9,Indirasagar,within,0,454063,1.059014
2759,Indirasagar,upstream,1,454064,0.571706
2760,Indirasagar,upstream,1,454065,1.361001
2761,Indirasagar,upstream,2,454067,0.810438
2762,Indirasagar,upstream,2,454066,0.406687
2763,Indirasagar,upstream,3,454068,0.368936
2764,Indirasagar,upstream,3,454069,0.430388
2,Maithon,within,0,453146,0.626219
2573,Maithon,downstream,1,453145,0.378821
2570,Maithon,downstream,2,453143,0.001784
2569,Maithon,downstream,3,453141,0.012403
8,Mettur,within,0,453805,1.155282
2722,Mettur,upstream,1,453807,0.245009
2723,Mettur,upstream,1,453806,0.723702
2719,Mettur,downstream,1,453803,0.632858
2724,Mettur,upstream,2,453809,1.011183
2725,Mettur,upstream,2,453808,0.584782
2717,Mettur,downstream,2,453801,0.843192
4,Panchet,within,0,453147,0.417315
2576,Panchet,upstream,1,453149,0.409565
2577,Panchet,upstream,1,453148,0.175567
2573,Panchet,downstream,1,453145,0.378821
2570,Panchet,downstream,2,453143,0.001784
2569,Panchet,downstream,3,453141,0.012403
10,Pench,within,0,453464,4.478914
2631,Pench,downstream,1,453463,0.241478
2622,Pench,downstream,2,453461,0.138717
2620,Pench,downstream,3,453450,0.126598
2618,Pench,downstream,4,453430,1.324147
2617,Pench,downstream,5,453410,0.50491
1,Rihand,within,0,452438,6.050292
2443,Rihand,downstream,1,452437,0.17261
2435,Rihand,downstream,2,452435,1.165624
2424,Rihand,downstream,3,452433,0.019009
2415,Rihand,downstream,4,452431,0.782778
2411,Rihand,downstream,5,452419,0.075274
2407,Rihand,downstream,6,452417,0.082496
2405,Rihand,downstream,7,452415,0.059865
2400,Rihand,downstream,8,452413,0.102686
2395,Rihand,downstream,9,452411,0.268521
2391,Rihand,downstream,10,452300,0.368859
2389,Rihand,downstream,11,452100,0.015484
7,Sriramsagar,within,0,453479,0.130243
7,Sriramsagar,within,0,453477,0.131285
7,Sriramsagar,within,0,453478,0.131455
2646,Sriramsagar,upstream,1,453491,0.388957
2647,Sriramsagar,upstream,1,453481,0.087853
2634,Sriramsagar,downstream,1,453475,0.184162
2648,Sriramsagar,upstream,2,453482,0.219429
2649,Sriramsagar,upstream,2,453483,0.00593
2654,Sriramsagar,upstream,2,453493,0.398766
2655,Sriramsagar,upstream,2,453492,1.365492
2626,Sriramsagar,downstream,2,453473,0.426112
2650,Sriramsagar,upstream,3,453484,0.177848
2651,Sriramsagar,upstream,3,453485,1.03094
2656,Sriramsagar,upstream,3,453495,0.639907
2657,Sriramsagar,upstream,3,453494,0.344734
2623,Sriramsagar,downstream,3,453471,0.067784
2658,Sriramsagar,upstream,4,453486,0.246994
2659,Sriramsagar,upstream,4,453487,0.017173
2662,Sriramsagar,upstream,4,453497,0.025836
2663,Sriramsagar,upstream,4,453496,0.227501
2620,Sriramsagar,downstream,4,453450,0.126598
2664,Sriramsagar,upstream,5,453499,0.831837
2665,Sriramsagar,upstream,5,453498,0.545056
2660,Sriramsagar,upstream,5,453488,0.267223
2661,Sriramsagar,upstream,5,453489,0.586047
2618,Sriramsagar,downstream,5,453430,1.324147
2617,Sriramsagar,downstream,6,453410,0.50491
3,Tenughat,within,0,453149,0.409565
2574,Tenughat,downstream,1,453147,0.417315
2573,Tenughat,downstream,2,453145,0.378821
2570,Tenughat,downstream,3,453143,0.001784
2569,Tenughat,downstream,4,453141,0.012403
0,Tilaiya,within,0,453146,0.626219
2573,Tilaiya,downstream,1,453145,0.378821
2570,Tilaiya,downstream,2,453143,0.001784
2569,Tilaiya,downstream,3,453141,0.012403
